{"accuracy": [0.5559121370315552, 0.7488945722579956, 0.8122236728668213, 0.8498787879943848, 0.8936671018600464, 0.9164883494377136, 0.9320353865623474, 0.9462986588478088, 0.9481528997421265, 0.9686920642852783], "loss": [1.2394273281097412, 0.6936220526695251, 0.5232198238372803, 0.4199483394622803, 0.31004971265792847, 0.23857198655605316, 0.19629254937171936, 0.15916036069393158, 0.15315237641334534, 0.09085280448198318], "val_accuracy": [0.731493353843689, 0.7968906164169312, 0.8357580900192261, 0.9023677110671997, 0.9171302318572998, 0.9308943152427673, 0.9472970962524414, 0.9549279808998108, 0.9693338871002197, 0.9818142652511597], "val_loss": [0.7642694115638733, 0.5652647614479065, 0.4656020402908325, 0.2756931781768799, 0.23320935666561127, 0.19525356590747833, 0.1554459184408188, 0.13187730312347412, 0.09061317890882492, 0.05686681345105171]}